<?xml version="1.0" encoding="UTF-8" ?>
<!DOCTYPE mapper
        PUBLIC "-//mybatis.org//DTD Mapper 3.0//EN"
        "http://mybatis.org/dtd/mybatis-3-mapper.dtd">


<mapper namespace="com.example.RSW.repository.QnaRepository">

    <resultMap id="qnaResultMap" type="com.example.RSW.vo.Qna">
        <result property="id" column="id"/>
        <result property="title" column="title"/>
        <result property="body" column="body"/>
        <result property="memberId" column="memberId"/>
        <result property="secret" column="isSecret"/>
        <result property="isFromUser" column="isFromUser"/>
        <result property="isAnswered" column="isAnswered"/>
        <result property="orderNo" column="orderNo"/>
        <result property="regDate" column="regDate"/>
        <result property="updateDate" column="updateDate"/>
        <result property="isActive" column="isActive"/>
        <result property="isFaq" column="isFaq"/>
        <result property="memberName" column="memberName"/>

        <!-- ✅ 수의사 답변 필드 매핑 -->
        <result property="answer" column="answer"/>
        <result property="answererId" column="answererId"/>
        <result property="vetName" column="vetName"/>
    </resultMap>

    <insert id="saveUserQna" parameterType="com.example.RSW.vo.Qna">
        INSERT INTO Qna
        (memberId, title, `body`, isSecret, isFromUser, isAnswered, isActive, regDate, updateDate)
        VALUES (#{memberId}, #{title}, #{body}, #{secret}, #{isFromUser}, #{isAnswered}, #{isActive}, NOW(), NOW());
    </insert>


    <select id="getFaqList" resultMap="qnaResultMap">
        SELECT *
        FROM Qna
        WHERE isActive = TRUE
          AND isSecret = FALSE
        AND  isFromUser = TRUE
        ORDER BY regDate DESC
    </select>

    <select id="getUserQnaByMemberId" resultMap="qnaResultMap" parameterType="int">
        SELECT
            q.*,                         -- Qna 전체
            va.answer     AS answer,
            va.memberId   AS answererId,
            va.vetName    AS vetName
        FROM Qna q
                 LEFT JOIN vet_answer va ON va.qna_id = q.id
        WHERE q.isFromUser = TRUE
          AND q.isActive = TRUE
          AND q.memberId = #{memberId}
        ORDER BY q.regDate DESC
    </select>

    <select id="getMyAnsweredQna" resultMap="qnaResultMap" parameterType="int">
        SELECT
            q.*,
            va.answer     AS answer,
            va.memberId   AS answererId,
            va.vetName    AS vetName
        FROM Qna q
                 JOIN vet_answer va ON va.qna_id = q.id
        WHERE q.isFromUser = TRUE
          AND q.isActive = TRUE
          AND va.memberId = #{vetMemberId}
        ORDER BY q.regDate DESC
    </select>



    <select id="getQnaById" parameterType="int" resultMap="qnaResultMap">
        SELECT *
        FROM Qna
        WHERE id = #{id}
    </select>

    <select id="getSelectedQna" resultMap="qnaResultMap">
        SELECT *
        FROM Qna
        WHERE isFromUser = FALSE
          AND isActive = TRUE
        ORDER BY orderNo ASC
    </select>


    <update id="markQnaAsDeleted" parameterType="int">
        UPDATE Qna
        SET isActive   = FALSE,
            updateDate = NOW()
        WHERE id = #{id}
    </update>

    <update id="setFalse" parameterType="int">
        UPDATE Qna
        SET isAnswered   = FALSE,
            updateDate = NOW()
        WHERE id = #{qnaId}
    </update>

    <update id="updateQna" parameterType="map">
        UPDATE Qna
        SET title      = #{title},
            body       = #{body},
            isSecret   = #{isSecret},
            updateDate = NOW()
        WHERE id = #{id}
    </update>

    <update id="updateIsAnswered" parameterType="map">
        UPDATE Qna
        SET isAnswered = #{isAnswered},
            updateDate = NOW()
        WHERE id = #{id}
    </update>

    <select id="findAll" resultMap="qnaResultMap">
        SELECT q.id,
        q.title,
        q.body,
        q.memberId,
        q.isSecret,
        q.isFromUser,
        q.isAnswered,
        q.orderNo,
        q.regDate,
        q.updateDate,
        q.isActive,
        q.isFaq,
        m.name                                                     AS memberName,
        EXISTS(SELECT 1 FROM vet_answer va WHERE va.qna_id = q.id) AS hasAnswer
        FROM Qna q
        JOIN member m ON q.memberId = m.id
        WHERE q.isActive = 1
        AND q.isFromUser = 1
        ORDER BY q.regDate DESC
    </select>

    <select id="findWithoutAnswer" resultMap="qnaResultMap">
        SELECT q.id,
               q.title,
               q.body,
               q.memberId,
               q.isSecret,
               q.isFromUser,
               q.isAnswered,
               q.orderNo,
               q.regDate,
               q.updateDate,
               q.isActive,
               q.isFaq,
               m.name                                                     AS memberName,
               EXISTS(SELECT 1 FROM vet_answer va WHERE va.qna_id = q.id) AS hasAnswer
        FROM Qna q
                 JOIN member m ON q.memberId = m.id
        WHERE q.isActive = 1
          AND q.isFromUser = 1
        AND q.isAnswered = 0
        ORDER BY q.regDate DESC
    </select>



    <select id="findById" parameterType="int" resultMap="qnaResultMap">
        SELECT q.id,
               q.title,
               q.body,
               q.memberId,
               q.isSecret,
               q.isFromUser,
               q.isAnswered,
               q.orderNo,
               q.regDate,
               q.updateDate,
               q.isActive,
               q.isFaq,
               m.name AS memberName
        FROM Qna q
                 JOIN member m ON q.memberId = m.id
        WHERE q.id = #{id}
    </select>


    <update id="update">
        UPDATE Qna
        SET title = #{title},
            body  = #{body}
        WHERE id = #{id}
    </update>

    <delete id="delete" parameterType="int">
        DELETE FROM Qna
        WHERE id = #{id}
    </delete>



    <update id="modify">
        UPDATE Qna
        SET title      = #{title},
            body       = #{body},
            updateDate = NOW()
        WHERE id = #{id}
    </update>

    <insert id="insert" parameterType="map">
        INSERT INTO Qna
        (memberId, title, body, isSecret, isFaq, regDate, updateDate, isAnswered)
        VALUES (#{memberId}, #{title}, #{body}, #{isSecret}, #{isFaq}, NOW(), NOW(), 0)
    </insert>



</mapper>