<?xml version="1.0" encoding="UTF-8" ?>
<!DOCTYPE mapper
        PUBLIC "-//mybatis.org//DTD Mapper 3.0//EN"
        "http://mybatis.org/dtd/mybatis-3-mapper.dtd">

<mapper namespace="com.example.RSW.repository.VetAnswerRepository">

    <resultMap id="VetAnswerResultMap" type="com.example.RSW.vo.VetAnswer">
        <result property="id" column="id"/>
        <result property="qnaId" column="qna_id"/>
        <result property="memberId" column="memberId"/>
        <result property="vetName" column="vetName"/>
        <result property="answer" column="answer"/>
        <result property="answerAt" column="answerAt"/>
    </resultMap>

    <insert id="write" parameterType="map">
        INSERT INTO vet_answer (qna_id, memberId, vetName, answer, answerAt)
        VALUES (#{qnaId}, #{memberId}, #{vetName}, #{answer}, NOW())
    </insert>

    <select id="getByQnaId" parameterType="int" resultMap="VetAnswerResultMap">
        SELECT *
        FROM vet_answer
        WHERE qna_id = #{qnaId}
        ORDER BY answerAt DESC
    </select>

    <select id="getById" parameterType="int" resultMap="VetAnswerResultMap">
        SELECT *
        FROM vet_answer
        WHERE id = #{id}
    </select>

    <update id="update" parameterType="map">
        UPDATE vet_answer
        SET answer   = #{answer},
            answerAt = NOW()
        WHERE id = #{id}
    </update>


    <delete id="delete" parameterType="int">
        DELETE
        FROM vet_answer
        WHERE id = #{id}
    </delete>

    <select id="getQnaIdByAnswerId" resultType="int">
        SELECT qna_id
        FROM vet_answer
        WHERE id = #{answerId}
    </select>

    <select id="findByQnaId" resultMap="VetAnswerResultMap">
        SELECT * FROM vet_answer WHERE qna_id = #{qnaId}
    </select>


    <insert id="insert" parameterType="map">
        INSERT INTO vet_answer (qna_id, memberId, vetName, answer, answerAt)
        VALUES (#{qnaId}, #{memberId}, #{vetName}, #{answer}, NOW())
    </insert>



</mapper>
