<?xml version="1.0" encoding="UTF-8" ?>
<!DOCTYPE mapper
        PUBLIC "-//mybatis.org//DTD Mapper 3.0//EN"
        "http://mybatis.org/dtd/mybatis-3-mapper.dtd">

<mapper namespace="com.example.RSW.repository.VetCertificateRepository">

    <!-- 인증서 등록 -->
    <insert id="insert" useGeneratedKeys="true" keyProperty="id">
        INSERT INTO vet_certificate
            (memberId, fileName, filePath, uploadedAt, approved)
        VALUES
            (#{memberId}, #{fileName}, #{filePath}, NOW(), #{approved})
    </insert>

    <!-- 인증서 목록 조회 (관리자용) -->
    <select id="findAll" resultType="com.example.RSW.vo.VetCertificate">
        SELECT *
        FROM vet_certificate
        ORDER BY uploadedAt DESC
    </select>

    <!-- 특정 회원의 인증서 조회 -->
    <select id="findByMemberId" resultType="com.example.RSW.vo.VetCertificate">
        SELECT *
        FROM vet_certificate
        WHERE memberId = #{memberId}
    </select>

    <!-- 인증서 승인 상태 변경 -->
    <update id="updateApprovalStatus">
        UPDATE vet_certificate
        SET approved = #{approved}
        WHERE id = #{id}
    </update>

    <!-- 인증서 삭제 -->
    <delete id="deleteById">
        DELETE FROM vet_certificate
        WHERE id = #{id}
    </delete>

</mapper>
