<?xml version="1.0" encoding="UTF-8" ?>
<!DOCTYPE mapper
  PUBLIC "-//mybatis.org//DTD Mapper 3.0//EN"
  "http://mybatis.org/dtd/mybatis-3-mapper.dtd">
<mapper
	namespace="com.example.RSW.repository.WalkCrewMemberRepository">

	<!-- ✅ 크루 참가 신청 쿼리 - walk_crew_member 테이블에 새로운 참가 신청 레코드를 삽입합니다. - 신청자는 
		'PENDING' 상태로 등록되어, 리더의 승인을 기다리는 상태가 됩니다. - 현재 시간(NOW())을 joinedAt에 기록합니다. -->
	<insert id="requestToJoinCrew">
		INSERT INTO walk_crew_member
		SET
		crewId = #{crewId},
		memberId = #{memberId},
		status = 'PENDING',
		role = 'pending',
		joinedAt
		=
		NOW()
	</insert>

	<select id="findMyCrewByMemberId" resultType="WalkCrew">
		SELECT wc.* FROM
		walk_crew wc
		JOIN walk_crew_member wcm ON wc.id = wcm.crewId
		WHERE
		wcm.memberId = #{memberId}
		LIMIT 1
	</select>

	<select id="findCrewsAppliedBy" resultType="WalkCrew">
		SELECT wc.* FROM
		walk_crew wc
		JOIN walk_crew_member wcm ON wc.id = wcm.crewId
		WHERE
		wcm.memberId = #{memberId}
	</select>

	<select id="findRequestListByLeaderId" resultType="map">
		SELECT wcm.*,
		m.nickname, wc.title
		FROM walk_crew_member wcm
		JOIN walk_crew wc ON
		wcm.crewId = wc.id
		JOIN member m ON wcm.memberId = m.id
		WHERE
		wc.leaderId = #{leaderId}
		AND wcm.status = 'PENDING'
	</select>

	<!-- ✅ 크루 가입 여부 확인 -->
	<select id="countByMemberIdAndCrewId" resultType="int">
		SELECT COUNT(*)
		FROM walk_crew_member
		WHERE memberId = #{memberId}
		AND crewId =
		#{crewId}
	</select>

	<!-- ✅ 승인된 크루 멤버인지 확인하는 쿼리 - 특정 크루(crew_id)에서 특정 사용자(member_id)가 'approved' 
		상태인지 여부를 판단하기 위해 사용 - 결과는 COUNT(*)로 반환 → 0이면 승인 안 됨, 1 이상이면 승인됨 -->
	<!-- 승인된 멤버 여부 -->
	<select id="countApprovedMember" resultType="int">
		SELECT COUNT(*) FROM
		walk_crew_member
		WHERE crewId = #{crewId} AND memberId = #{memberId}
		AND status = 'approved'
	</select>


	<!-- 신청 상태 여부 -->
	<select id="countPendingRequest" resultType="int">
		SELECT COUNT(*) FROM
		walk_crew_member
		WHERE crewId = #{crewId} AND memberId = #{memberId}
		AND status = 'PENDING'
	</select>

	<!-- ✅ 강퇴 & 탈퇴 처리 -->
	<delete id="deleteMemberFromCrew" parameterType="map">
		DELETE FROM
		walk_crew_member
		WHERE crewId = #{crewId} AND memberId = #{memberId}
	</delete>

	<!-- ✅ 특정 크루에 소속된 멤버 전체 조회 (회원 정보 포함) -->
	<select id="findMembersByCrewId"
		resultType="com.example.RSW.vo.WalkCrewMember">
		SELECT
		wcm.*,
		m.id AS crew_member_id,
		m.nickname AS
		crew_member_name,
		m.photo AS crew_member_photo
		FROM walk_crew_member wcm
		LEFT JOIN member m ON wcm.memberId = m.id
		WHERE wcm.crewId = #{crewId}
		AND wcm.status = 'APPROVED'
	</select>


	<!-- ✅ 특정 크루에 소속된 멤버 전체 조회 (회원 정보 포함) -->
	<select id="intFindMembersByCrewId">
		SELECT wcm.memberId
		FROM walk_crew_member wcm
		LEFT JOIN
		member m ON wcm.memberId = m.id
		WHERE wcm.crewId = #{crewId}
		AND
		wcm.status = 'APPROVED'
	</select>



	<!-- 리더 변경 -->
	<update id="updateRole">
		UPDATE walk_crew_member
		SET role = #{role}
		WHERE
		memberId = #{memberId} AND crewId = #{crewId}
	</update>

	<!-- ✅ 특정 크루에서 특정 멤버의 역할(role)을 조회하는 쿼리 -->
	<!-- 예: leader / subleader / member 중 어떤 역할인지 확인할 때 사용 -->
	<!-- 리더 위임, 강퇴, 권한 제어 등에서 권한 체크 용도로 사용됨 -->

	<select id="findRoleByMemberIdAndCrewId" resultType="string">
		SELECT
		role
		FROM walk_crew_member
		WHERE memberId = #{memberId} AND crewId =
		#{crewId}
		Limit 1
	</select>

	<!-- ✅ 크루 신청을 수락할 때 사용되는 쿼리 -->
	<update id="approveMember">
		<!-- walk_crew_member 테이블의 status 값을 'APPROVED'로 변경 -->
		UPDATE walk_crew_member
		SET
		status = 'APPROVED'
		WHERE crewId = #{crewId}
		AND memberId = #{memberId}
	</update>

	<!-- 중복 체크 -->
	<select id="exists" resultType="boolean">
		SELECT EXISTS (
		SELECT 1
		FROM
		walk_crew_member
		WHERE crewid = #{crewId} AND memberid = #{memberId}
		)
	</select>

	<!-- 신청자의 상태(status)를 조회 -->
	<select id="findStatusByMemberIdAndCrewId" resultType="string">
		SELECT
		status
		FROM walk_crew_member
		WHERE crewId = #{crewId} AND memberId =
		#{memberId}
		LIMIT 1
	</select>

	<!-- ✅ 크루 멤버 직접 등록 (예: 크루장 등록 시 사용) -->
	<insert id="insert"
		parameterType="com.example.RSW.vo.WalkCrewMember">
		INSERT INTO walk_crew_member
		SET
		crewId = #{crewId},
		memberId = #{memberId},
		role = #{role},
		status = 'APPROVED',
		joinedAt =
		NOW()
	</insert>

	<!-- ✅ 크루 멤버 상태를 PENDING으로 되돌리는 쿼리 -->
	<update id="setPendingStatus">
		UPDATE walk_crew_member
		SET status = 'PENDING'
		WHERE id
		= #{id} AND crewId = #{crewId} AND memberId = #{memberId}
	</update>

	<!-- 크루신청 취소하기 -->
	<delete id="cancelJoin">
		DELETE FROM walk_crew_member
		WHERE crewId = #{crewId}
		AND memberId = #{memberId}
		AND role = 'PENDING'
	</delete>


</mapper>
